Text	AlexLabel	card	TAS20	F1	F2	F3	SubClass
Erase una vez un niño que se encontraba muy triste porque no le salían bien las cosas del colegio. Y se ponía cada vez más tarde porque se pensaba que le iban a reñir. Y cada vez más triste, cada vez más triste, y no salía de su tristeza, hasta que un día le dijeron: si no pasa nada.	Alex	1	63.0	23.0	21.0	19.0	Alex-1
Erase una vez un bosque encantado en el cual no habitaba nadie hasta que un día apareció un toro y empezaron a descubrir un mundo mágico en el cual las piedras hablaban	Alex	11	56.0	18.0	20.0	18.0	Alex-11
Me da sensación de que le ha pasado algo y que el hombre está disgustado, está llorando. Está tapandose los ojos porque está llorando	NoAlex	13HM	35.0	13.0	9.0	13.0	NoAlex-13HM
Hay unos dragones que acaban de aterrizar en una cueva y están preparados para saltar por el precipicio. 	NoAlex	11	35.0	13.0	9.0	13.0	NoAlex-11
Esto es en la época de los dinosaurios. Esto es un puente y aquí hay un precipicio y están pasando caballeros porque quieren subir las paredes del castillo. Y desde arriba están echando agua hirviendo. 	NoAlex	11	43.0	10.0	12.0	21.0	NoAlex-11
Son unos señores que estaban trabajando en el campo arando y es la hora de la comida, han comido y se están echando una siesta. 	NoAlex	9VH	43.0	10.0	12.0	21.0	NoAlex-9VH
La frustración de aprender un nuevo instrumento cuando no tiene talento musical. Estudiarlo en vez de practicarlo puede ser un rollo. 	NoAlex	1	51.0	15.0	18.0	18.0	NoAlex-1
Es una pareja y el hombre se encuentra arrepentido por algo que ha pasado y culpable, por algo que no tiene el control. El algún momento ha habido algo  complicado porque se está tapando la cara y la habitación es algo muy antiguo, pero está con corbata y no en pijama así que probablemente se ha encontrado algo que no quería ver. 	NoAlex	13HM	51.0	15.0	18.0	18.0	NoAlex-13HM
Hay un niño cuyos padres le han oblidado a tocar el violín, y aunque él lo hace a veces se siente muy frustrado porque no sabe hasta qué punto quiere dedicar su vida la música y está pensando que a lo mejor su vida debe encaminarse hacia otro lado, hacer otros tipos de música que no incluyan el clásico, pero sus padres no le hacen caso. 	NoAlex	1	36.0	16.0	7.0	13.0	NoAlex-1
Un día me propuse cruzar la montaña, subí a lo más alto de la montaña y vi una cascada y de repente vi un arco y un peregrino andante que estaba por ahí y dije por fin he llegado a mi meta, voy a descansar. 	NoAlex	11	36.0	16.0	7.0	13.0	NoAlex-11
Yo veo como unos gorriones que se han posado en la ladera de una montaña y están descansando en medio de un viaje. Y en la montaña ha habido derrumbamientos, pero no pasa nada. Y están pues tranquilos, reposando sin más. 	NoAlex	11	29.0	12.0	6.0	11.0	NoAlex-11
Pues lo que veo es un niño que está harto de tocar el violín, que le obligan, y es que está desesperado porque no le gusta nada, y está pues pensando cómo hacer para dejarlo. 	NoAlex	1	29.0	12.0	6.0	11.0	NoAlex-1
Hay una mujer en la cama, que está semi-desnuda y un hombre que está llorándola. Parece que esta mujer tiene que haber cometido suicidio o algo porque está el hombre como muy afectado y está en la cama, o se la ha encontrado muerta, está fallecida.  	NoAlex	13HM	43.0	14.0	14.0	15.0	NoAlex-13HM
Es una cascada, que hemos llegado buscando un tesoro y es el último punto antes de llegar al tesoro. Detrás de la cascada está el tesoro pirata del capitán Barbarroja, que escondió allí con muchos lingotes de oro. 	NoAlex	11	41.0	13.0	12.0	16.0	NoAlex-11
Esto es una historia muy bonita porque se han ido por ahí a buscar un tesoro, se han perdido en la jungla y entonces han llegado a un lugar que hay una pared de piedras, y hay unas rocas que se han caído y en el fondo se ve algo como iluminado y es un tesoro que está brillante, pero tienen miedo de ir a por él, porque seguro que tiene truco esto y algo va a pasar, como en las películas. 	NoAlex	11	47.0	17.0	10.0	20.0	NoAlex-11
Son vaqueros que estaban ahí sacando las vacas y han dicho es la hora de la siesta, ¿no? Y se han apiñado todos debajo de un árbol y como son muy amigos se están apoyando unos en los otros. 	NoAlex	9VH	47.0	17.0	10.0	20.0	NoAlex-9VH
Ha sido una tarde muy calurosa y después de trabajar todo el día segando en los campos están muy cansados y han decidido descansar un rato para luego irse por ahí. 	NoAlex	9VH	41.0	13.0	12.0	16.0	NoAlex-9VH
Hay un grupo de trabajadores, que están un poco cansados de tener que mostrar ser machitos y entonces han decidido apoyarse los unos en los otros y darse mucho afecto en público. 	NoAlex	9VH	36.0	16.0	7.0	13.0	NoAlex-9VH
Hombres vestidos de campo que han estado segando y ahora es el mediodía y paran para echar la siesta porque hace mucho calor y están todos en un sitio como charlando y durmiendo a la sombra, muy tranquilos, descansando antes de volver a trabajar. 	NoAlex	9VH	29.0	12.0	6.0	11.0	NoAlex-9VH
Parece que están descansando, porque están unos apoyados en otros, porque tienen los gorros puestos deliberadamente sobre la cabeza, así que supongo que están bajo el sol un día de verano o algo así. Una serie de trabajadores que han estado trabajando y se han tumbado a descansar. 	NoAlex	9VH	43.0	14.0	14.0	15.0	NoAlex-9VH
Parece como una cascada, con unas rocas debajo y una urracas en medio, y es un día en el campo que unos pájaros se encontraron y se enamoraron en este precioso paisaje. 	NoAlex	11	42.0	14.0	11.0	17.0	NoAlex-11
Está la mujer dormida, su esposo se acaba de levantar, está pensando en lo tarde que es y que tiene que llegar rápido al trabajo.	NoAlex	13HM	42.0	12.0	16.0	14.0	NoAlex-13HM
Este niño está frustrado porque tiene demasiados deseos de tocar el violín, pero no le sale como él quisiera, entonces justamente está pensando en qué cosas tiene que hacer para poder mejorar. 	NoAlex	1	42.0	12.0	16.0	14.0	NoAlex-1
Es como un animal, que ha llegado como a la zona de un risco, donde hay una cascada también y está ahí tranquilamente pastando mientras piensa en la vida. 	NoAlex	11	42.0	12.0	16.0	14.0	NoAlex-11
Es gente que en una jornada laboral está descansando, pues es su rato de descanso, y nada, parece que están en el campo así que entiendo que están trabajando al aire libre, aunque estén bastantie bien vestidos. No me imagino qué pueden estar haciendo.  	Alex	9VH	55.0	20.0	18.0	17.0	Alex-9VH
Parece ser que puede ser como un puente que entra en un castillo, ahí veo unas sombras, puede ser gente que esté entrando a una ciudadela o algo así. Están agrupado, puede ser un ejercito volviendo de un combate. Un ejercito volviendo del combate a una ciudadela. 	Alex	11	55.0	20.0	18.0	17.0	Alex-11
Pues es un paisaje en el que parece haber animales y ya está. 	NoAlex	11	42.0	12.0	16.0	14.0	NoAlex-11
Son unos granjeros que están en el momento del descanso, tomando el sol, después de haber comido en el campo. 	NoAlex	9VH	40.0	14.0	10.0	16.0	NoAlex-9VH
Era un niño que miraba muy triste el violín, que le obligaba tocar, porque a él le hubiera gustado tocar otro instrumento, como la batería. 	Alex	1	54.0	18.0	20.0	16.0	Alex-1
Erase una vez un niño que quería tocar una guitarra pero le regalaron un violín	Alex	1	63.0	19.0	19.0	25.0	Alex-1
Estaba tumbado con sus amigos, viajando en un tren destino a lo desconocido	Alex	9VH	63.0	19.0	19.0	25.0	Alex-9VH
En su viaje en elefante tenía que cruzar una gran catarata. Fue lento y tortuoso, pero al final lo consiguió 	Alex	11	63.0	19.0	19.0	25.0	Alex-11
La acababa de conocer en una discoteca y habían pasado la noche juntos. Y ahí estaba ella, muerta por un ataque al corazón. Y el sin saber que hacer…	Alex	13HM	63.0	19.0	19.0	25.0	Alex-13HM
Érase una vez un niño llamado manolito, sus papás querían que fuera un gran violinista y aunque el era un niño muy aplicado por las tardes soñaba con bajar a la calle y jugar con otros niños a las canicas	NoAlex	1	31.0	12.0	5.0	14.0	NoAlex-1
Juan terminaba de trabajar y con los demás compañeros se recortaban al sol en la pradera, descansando y dejándose calentar por el sol de primavera y a veces soñaba con lo que haría cuando tuviera suficiente dinero tal vez un largo viaje, para conocer sitios nuevos pero en el fondo era un hombre tranquilo y realista y lo que apreciaba de todo eran esos pequeños momentos de quietud bajo el sol	NoAlex	9VH	31.0	12.0	5.0	14.0	NoAlex-9VH
En esa cueva el agua se filtraba discurriendo por las rocas y creando bellas cascadas que con la luz que se filtraba por pequeñas chimeneas naturales hacían que esas gotas de agua parecieran diamantes	NoAlex	11	31.0	12.0	5.0	14.0	NoAlex-11
Pedro era el único doctor de la comarca, cada día recorría los distintos pueblos intentando ayudar a sus habitantes. Pero en aquella ocasión no había podido, había luchado contra una enfermedad que había ganado la batalla, y a pesar de que durante toda la noche había luchado con denuedo finalmente se había llevado en sus garras a aquella mujer	NoAlex	13HM	31.0	12.0	5.0	14.0	NoAlex-13HM
Rápidamente, el niño, acude al estudio de sus padres, coloca el instrumento delicadamente sobre un paño encima de la mesa. Trata de pensar cómo podría arreglarlo, se siente frustrado por no tener una solución rápida. Finalmente, decide pedir ayuda a sus padres, los cuales le ayudan a solventarlo y recupera su violín.	NoAlex	1	35.0	13.0	9.0	13.0	NoAlex-1
Érase una vez un grupo de trabajadores que, tras la jornada de trabajo, deciden comer juntos y echarse una siesta para reponer fuerzas.	NoAlex	9VH	35.0	13.0	9.0	13.0	NoAlex-9VH
Érase una vez un senderista que decide hacer una ruta un domingo soleado. El camino comienza a complicarse por la pendiente de subida. Cansado, decide hacer una parada y disfrutar de la naturaleza. Se da cuenta de que finalizar la ruta no es lo relevante, sino disfrutar del paisaje. A su derecha observa el canto de unos pájaros, seguido de un río con su respectivo ruido relajante y, al fondo, la inmensidad del bosque y los altos árboles. 	NoAlex	11	35.0	13.0	9.0	13.0	NoAlex-11
Érase una vez una pareja. Ambos se encontraban durmiendo en su domicilio. A primera hora suena el despertador, él se tiene que despertar para ir a trabajar. Trata de no despertar a su pareja, se levanta sigilosamente, se viste, se frota los ojos del cansancio y sale camino del trabajo.  	NoAlex	13HM	35.0	13.0	9.0	13.0	NoAlex-13HM
un niño al que le gustaba mucho tocar el violín. Él era muy perfeccionista por lo que en más de una ocasión se frustraba cuando una partitura no lograba reproducirla con su adorado violín. Pedro, cómo así se llamaba el niño, logró sacar fuerzas y a base de esfuerzo perseverancia alcanzó reproducir toda clase de partituras. 	NoAlex	1	43.0	15.0	11.0	17.0	NoAlex-1
Después de un largo día de trabajo, llegó la plácida siesta. Mereció la pena aguantar un poco más y saborear ese delicioso cochinillo que con tanto cariño prepara mi tía Julieta.	NoAlex	9VH	43.0	15.0	11.0	17.0	NoAlex-9VH
Un sendero abrupto por el que Manuel y Alicia decidieron pasar para poder llegar a la hermosa cascada que quedaba cerca de la casa de sus primos.	NoAlex	11	43.0	15.0	11.0	17.0	NoAlex-11
El placer de tocar a una mujer estraña pronto se desvaneció al recordar a su amada Elena. No conseguía quitársela de la cabeza. Por más que buscaba distracciones. No lo consiguió hasta que decidió cambiar de vida y viajar hasta la India. Allí montó un complejo hotelero y conoció a Kira, una hermosa mujer.	NoAlex	13HM	43.0	15.0	11.0	17.0	NoAlex-13HM
Erase una vez un joven que tocaba el violín. Practicaba y practicaba pero no lograba mejorar, lo que lo frustraba mucho, porque su padre quería que fuese un gran violinista. Pero realmente, él no quería tocar el violín, no le gustaba	NoAlex	1	49.0	18.0	12.0	19.0	NoAlex-1
un hombre que trabajaba muy duro. Cada día, a la hora de comer, se echaba un rato a descansar, antes de seguir con sus labores.	NoAlex	9VH	49.0	18.0	12.0	19.0	NoAlex-9VH
una cascada encantada, que estaba escondida al final del bosque. Los niños iban siempre a jugar ahí, a pesar de que no tenían permiso de alejarse tanto.	NoAlex	11	49.0	18.0	12.0	19.0	NoAlex-11
un hombre que despertó, después de una larga noche de fiesta y borrachera, junto a una mujer desconocida. Al despertarse, se dio cuenta de que llegaba tarde al trabajo y se vistió lo más rápido que la resaca le permitió 	NoAlex	13HM	49.0	18.0	12.0	19.0	NoAlex-13HM
Un niño que se aburría mucho porque sus padres querían que aprendiese violin y no le gusta nada y además no se le da bien. Se siente muy frustrado	NoAlex	1	42.0	14.0	11.0	17.0	NoAlex-1
Un soldado que llevaba mucho tiempo fuera de casa y, cansado, pensaba en cómo sería volver a ver a su chica	NoAlex	9VH	42.0	14.0	11.0	17.0	NoAlex-9VH
Dos urracas que vivían en una cascada mágica, y la cuidaban para que nadie descubrirse el secreto que guardaba dentro 	NoAlex	11	42.0	14.0	11.0	17.0	NoAlex-11
Un hombre que tuvo que matar con mucha pena a su amante que estaba embarazada porque sino su mujer se enteraría, lo hace con mucha pena 	NoAlex	13HM	42.0	14.0	11.0	17.0	NoAlex-13HM
un niño que le gustaba mucho la música, en especial el violín. Después de unos años estudiando música, una mañana se levantó y se sentó en la mesa con el violín en ella y pensó: ¿Realmente es esto lo que quiero seguir haciendo?	NoAlex	1	34.0	14.0	7.0	13.0	NoAlex-1
un grupo de exploradores que iban a hacer un recorrido por una gran montaña pero se les hizo de noche y tuvieron que acampar todos juntos encima del césped. 	NoAlex	9VH	34.0	14.0	7.0	13.0	NoAlex-9VH
una cascada en mitad de la naturaleza, donde todos los animales, cuando se acercaba el buen tiempo, se dirigían para estar horas y horas allí, en ese sitio ten agradable.	NoAlex	11	34.0	14.0	7.0	13.0	NoAlex-11
una pareja que dormían en una habitación donde la cama era muy pequeña. Casi siempre dormían mal, pero no tenían dinero para pagarse otra casa con una cama más grande. El hombre se acaba de despertar para irse a trabajar y,  como va dormido tan mal, se encuentra restregándose la cara para intentar despejarse del sueño que tiene.	NoAlex	13HM	34.0	14.0	7.0	13.0	NoAlex-13HM
Érase una vez un niño que iba a clase de violin porque sus padres le obligaban, pero realmente no le gustaba, a él le gustaba dibujar y era muy buen dibujante.	NoAlex	1	36.0	16.0	10.0	10.0	NoAlex-1
Érase una vez un hombre que salió de juerga con sus amigos y cuando se despertó a la mañana siguiente estaba durmiendo a la intemperie rodeado de algunos de ellos.	NoAlex	9VH	36.0	16.0	10.0	10.0	NoAlex-9VH
Érase una vez una familia de pájaros que vivían en un rincón precioso del bosque inaccesible para los humanos. Había una cascada, vegetación y muchas rocas.	NoAlex	11	36.0	16.0	10.0	10.0	NoAlex-11
Había una vez un hombre, normal de cara al exterior, sin embargo era un asesino en serie que mataba a mujeres mientras dormían sin ningún tipo de remordimiento.	NoAlex	13HM	36.0	16.0	10.0	10.0	NoAlex-13HM
un niño músico, sentado y pensativo mirando a su violín.En busca de inspiración. 	Alex	1	54.0	17.0	17.0	20.0	Alex-1
un grupo de vaqueros tirados sobre la hierva, durmiendo. 	Alex	9VH	54.0	17.0	17.0	20.0	Alex-9VH
la ladera de una montaña, con algunas piedras sueltas....	Alex	11	54.0	17.0	17.0	20.0	Alex-11
un hombre y una mujer, puede que la mujer esté muerta y el hombre esté llorando…	Alex	13HM	54.0	17.0	17.0	20.0	Alex-13HM
Erase una vez un niño llamado Antonio que se aburría muchísimo en el colegio, hasta que aprendió que lo divertido es aprender siendo protagonista.	Alex	1	57.0	21.0	16.0	20.0	Alex-1
Erase una vez un jornalero que tras largas horas de trabajo dormía junto con sus compañeros en el campo.	Alex	9VH	57.0	21.0	16.0	20.0	Alex-9VH
Un precioso lugar donde se respiraba y paz y donde acudían la gente cuando querían desconectar de la vida diaria.	Alex	11	57.0	21.0	16.0	20.0	Alex-11
Un hombre que al llegar a casa encontró a su mujer fallecida en la cama.	Alex	13HM	57.0	21.0	16.0	20.0	Alex-13HM
un niño queriendo tocar el violín y se quedó pensando a quien le podía pedir ayuda para que le enseñara.	NoAlex	1	38.0	7.0	13.0	18.0	NoAlex-1
un grupo de cowboys que decidieron descansar en la hierba y comer todos juntos para continuar el viaje a lo largo del territorio de Texas.	NoAlex	9VH	38.0	7.0	13.0	18.0	NoAlex-9VH
un desprendimiento de rocas que casi alcanza al viajero del alba y su compinche. 	NoAlex	11	38.0	7.0	13.0	18.0	NoAlex-11
una joven enferma que no pudo más y aprovecho un instante para dejar este mundo mientras su marido fue a buscar las medicinas.	NoAlex	13HM	38.0	7.0	13.0	18.0	NoAlex-13HM
un niño llamado Pablo al que le habían regalado un precioso violín por su cumpleaños, pero cuando se puso a tocarlo, como no sabía, se le rompió una cuerda y se puso muy triste. Menos mal que su padre sabía y se la arregló rápido.	NoAlex	1	41.0	13.0	12.0	16.0	NoAlex-1
Tras pasar todo el día segando los campos de trigo bajo el sol y con un calor agotador, el grupo de trabajadores aprovechó el momento de después de comer para echarse una siesta reconfortante.	NoAlex	9VH	41.0	13.0	12.0	16.0	NoAlex-9VH
Tras un viaje lleno de aventuras y dificultades, por fin llegaron a la cascada tras la que se escondía el tesoro ansiado, finalmente habían encontrado el escondite del Tesoro de Barbanegra.	NoAlex	11	41.0	13.0	12.0	16.0	NoAlex-11
Por más que intentó salvarla, el doctor no pudo hacer nada por la pobre Luci, que murió en su cama tras horas de fallidos intentos de recuperar su corazón.	NoAlex	13HM	41.0	13.0	12.0	16.0	NoAlex-13HM
Es un momento para la lectura o estudio que me recuerda a mi epoca estufiantil de mi infancia. 	NoAlex	1	29.0	8.0	6.0	15.0	NoAlex-1
Tras una gran caminata nis relajamos debajo de la sombra de un gran árbol.	NoAlex	9VH	29.0	8.0	6.0	15.0	NoAlex-9VH
Me recuerda al paisaje donde yo vivo, esos barrancos llenos de agua glaciar tras el deshielo, tipico de la primavera en el Pirineo.	NoAlex	11	29.0	8.0	6.0	15.0	NoAlex-11
Imagen que me recuerda la despedida de un ser querido.	NoAlex	13HM	29.0	8.0	6.0	15.0	NoAlex-13HM
Érase una vez un niño que tras horas de práctica infructuosas con su violín estuvo a punto de abandonar sus estudios. Pero en lugar de ello tras dejarlo reposar sobre la mesa al explorar su estructura, materiales y funcionamiento supo encontrar como transformar la frustración que estaba sintiendo en un camino de aprendizaje interactivo con su instrumento, compañero de nuevas aventuras llenas de asombro.	NoAlex	1	44.0	14.0	12.0	18.0	NoAlex-1
Tras la dura tarea de recoger las uvas en el viñedo, los muchachos se echaron una siesta en el prado mientras hablaban y fantaseaban sobre sus enamoradas y las proximas fiestas del pueblo.La tarde transcurrió apacible y al bajar la solana volvieron a su trabajo con ilusión de cumplir sus sueños en un futuro cercano.	NoAlex	9VH	44.0	14.0	12.0	18.0	NoAlex-9VH
La búsqueda no había resultado infrucuosa, el sonido y la sensación de humedad creciente que había percibido en el aire no lo habían engañado; ahí estaba frente a el ese manantial que surgía a borbotones desde la pared del escarpado desfiladero. Supo entonces que podría saciar su sed y continuar adelante.	NoAlex	11	44.0	14.0	12.0	18.0	NoAlex-11
La desesperación se apoderó de él, comprendió que todas las señales que ella le había dado sobre su desencanto con la vida eran la antesala de un suicidio premeditado que no vio venir; no pudo llegar a tiempo para salvarla.	NoAlex	13HM	44.0	14.0	12.0	18.0	NoAlex-13HM
Un niño que debia empezar a practicar para su clase de violin, pero  no esta a seguro de querer hacerlo ni siquiera dé que le guste ese instrumento. 	NoAlex	1	47.0	14.0	13.0	20.0	NoAlex-1
un grupo de amigos descansando antes de volver al trabajo.	NoAlex	9VH	47.0	14.0	13.0	20.0	NoAlex-9VH
la aventura, el  campo, la naturaleza, descubrir, oler, sentir el sol que cae sobre la piel  y disfrutar.	NoAlex	11	47.0	14.0	13.0	20.0	NoAlex-11
un hombre que quisiéra seguir compartiendo el lécho con su esposa, pero uff ni modo, hay que ir a trabajar.	NoAlex	13HM	47.0	14.0	13.0	20.0	NoAlex-13HM
Un niño que estaba imaginando como convertise en un gran violinista. Con esfuerzo y mucho estudio llegaría a ser un gran músico 	Alex	1	69.0	22.0	20.0	27.0	Alex-1
un grupo de personas que estaban descansando después de realizar un gran esfuerzo levantando una iglesia todos juntos.	Alex	9VH	69.0	22.0	20.0	27.0	Alex-9VH
Érase una vez...un frondoso y mágico bosque lleno de animales fantásticos, plantas originales y cascadas nunca vistas. 	Alex	11	69.0	22.0	20.0	27.0	Alex-11
un hombre que acababa de encontrar muerta a su mujer.no podía encontrar el consuelo de esa pérdida. 	Alex	13HM	69.0	22.0	20.0	27.0	Alex-13HM
 un niño al que sus padres de clase acomodada le dijeron que tenía que aprender a tocar el violín y el niño lo odiaba.	Alex	1	72.0	26.0	22.0	24.0	Alex-1
unos tíos que se fueron de juerga y ahora están durmiendo la mona.	Alex	9VH	72.0	26.0	22.0	24.0	Alex-9VH
Érase una vez... unos caballeros que volvían de jugar a Cruzadas cuando un dragón les atacó camino de casa... (no se aprecia bien la zona alrededor del puente)	Alex	11	72.0	26.0	22.0	24.0	Alex-11
un hombre que mata a su amante porque ella le amenazó con contárselo a su mujer si este no se iba con ella.	Alex	13HM	72.0	26.0	22.0	24.0	Alex-13HM
Un niño que quería estudiar violín pero le obligaban a estudiar una carrera con más salidas.	NoAlex	1	39.0	11.0	5.0	23.0	NoAlex-1
Un grupo de hombres homosexuales felices en un mundo sin homofobia 	NoAlex	9VH	39.0	11.0	5.0	23.0	NoAlex-9VH
Una selva llena de playas e insectos de todos los colores y tamaños.	NoAlex	11	39.0	11.0	5.0	23.0	NoAlex-11
La muerte de la amada 	NoAlex	13HM	39.0	11.0	5.0	23.0	NoAlex-13HM
Érase una vez un niño al que su padre músico le había regalado un violín. Pero este niño no quería ser músico, le gustaban más las matemáticas. El niño se encuentra triste porque tiene que ponerse a practicar, pero no le apetece.	Alex	1	55.0	20.0	18.0	17.0	Alex-1
Érase una vez un grupo de mafiosos descansa en el césped después de haber uído tras uno de sus golpes. Se encuentran ya lejos de la ciudad donde han cometido el delito y por eso están tranquilos desansando mientras uno de ellos hace guardia.	Alex	9VH	55.0	20.0	18.0	17.0	Alex-9VH
Érase una vez un assalto a un castillo. Un grupo de guerreros lleva un ariete para romper la puerta del castillo que ya ha sido dañado anteriormente por las catapultas.	Alex	11	55.0	20.0	18.0	17.0	Alex-11
Érase una vez un hombre que mató a su amante en un impulso porque esta le amenazó con contarlo todo si no hablaba con su familia. El hombre la mata a golpes en un impulso agresivo y ahora está desesperado porque no sabe como salir de esa situación.	Alex	13HM	55.0	20.0	18.0	17.0	Alex-13HM
Un niño cuyo padre le regaló un violín, cuando él lo que quería era un balón de fútbol. Encima, como no tenía acceso a YouTube, tenía que aprender leyendo un libro muy aburrido, porque el padre tampoco sabía tocar el violín y no tenían dinero para pagarle las clases. El niño nunca aprendió a tocar el violín, pero acabó jugando en el Atlético de Madrid.	NoAlex	1	35.0	8.0	10.0	17.0	NoAlex-1
Cuatro colegas que pusieron una plantación en una huerta y trabajaban fuerte para sacarla adelante. A mediodía se comían unos buenos bocatas y una fruta y se echaban una buena siesta a la sombra de sus frutales.	NoAlex	9VH	35.0	8.0	10.0	17.0	NoAlex-9VH
2 jóvenes aventureros querían recuperar el tesoro escondido en la cueva del Dragón Chimpón, de cuya leyenda se contaban muchas historias en su pueblo. Cogieron unas mochilas, comida, sacos de dormir, se armaron con espadas y arcos y tras varias semanas de viaje, llegaron a la cueva del dragón. Allí, descubrieron el tesoro e intentaron hacerse con él sigilosamente, pero despertaron al dragón. Intentaron huir con parte del botín, corriendo rápidamente, pero el dragón salió detrás de ellos. Al dragón le daban ardor de estómago los humanos. Estuvo varios días malo del estómago. Los aventureros pasaron a la historia como los ardores de estómago de Chimpón.	NoAlex	11	35.0	8.0	10.0	17.0	NoAlex-11
Vaya resaca más mala! Anoche el Rubius se bebió hasta el jarabe de la tos. Todo le salió rodado, bailaba con las chicas más guapas, era el alma del karaoke, todo el mundo quería compadrear con él. O eso pensaba él, bajo los efectos del ron. Hasta ligó con una chica y se fue a la cama con ella. Fue el rey del mundo! Pero ay, pobre de él a la mañana siguiente...¡qué dolor de cabeza! ¡Qué ganas de vomitar! Y esta chica era más guapa anoche con 5 copas de ron...El Rubius jura y perjura que no volverá a beber. Volvió a emborracharse la noche siguiente.	NoAlex	13HM	35.0	8.0	10.0	17.0	NoAlex-13HM
un violín q no quería sonar y Carlitos q confiaba en él y sabía q sus cuerdas robustas pero suaves, tensas y firmes sólo necesitaban q una persona les diera el cariño y el amor suficiente para q empezara a emitir algunas notas. Hoy Carlitos como todas las mañanas se quedó mirándole y esperando q confiara en él para poder empezar a acariciar sus cuerdas y su mástil con todo el amor q Carlos tenía en su interior.	NoAlex	1	41.0	13.0	10.0	18.0	NoAlex-1
un día de campo de q pasamos Todos mis amigos y sus padres, fue lo q los mayores llamarían ... un día de hombres !!!!!! Jajaja q ilusión nos hizo ..... lo mejor de todo fue la organización y la ilusión de prepararlo, disfrutar del camino es lo importante	NoAlex	9VH	41.0	13.0	10.0	18.0	NoAlex-9VH
 un día en q nos decidimos a aventurarnos en un viaje a el interior de la naturaleza.... para encontrar La Paz y la turbulencia de una cascada pero no por eso menos bella.	NoAlex	11	41.0	13.0	10.0	18.0	NoAlex-11
la historia de un hombre enamorado de sí mismo y aunque enamoraba a las mujeres solo por diversión , jamás pensó q un día podría querer tanto a una,  como para sufrir por su pérdida. Hoy es el día q Ángels me dejó y ahora no quiero ver mi futuro sin ella. 	NoAlex	13HM	41.0	13.0	10.0	18.0	NoAlex-13HM
Un niño muy aburrido	NoAlex	1	43.0	14.0	14.0	15.0	NoAlex-1
Unos amigos que descansaban después de trabajar	NoAlex	9VH	43.0	14.0	14.0	15.0	NoAlex-9VH
un camino cortado porque la montaña se cayó. 	NoAlex	11	43.0	14.0	14.0	15.0	NoAlex-11
Un hombre que encontró a su mujer muerta 	NoAlex	13HM	43.0	14.0	14.0	15.0	NoAlex-13HM
Un niño al que le obligaban a tocar un instrumento, cuando en realidad quería salir a jugar.	NoAlex	1	36.0	15.0	8.0	7.0	NoAlex-1
Un grupo de exploradores que decidieron acampar en mitad del camino.	NoAlex	9VH	36.0	15.0	8.0	7.0	NoAlex-9VH
Un camino en mitad del bosque que te lleva al mejor mirador del mundo.	NoAlex	11	36.0	15.0	8.0	7.0	NoAlex-11
Un hombre que encuentra a su mujer muerta, se había suicidado. Él se siente culpable por no haber pasado el suficiente tiempo con ella.	NoAlex	13HM	36.0	15.0	8.0	7.0	NoAlex-13HM
un niño que su único amigo era un violín. Muchas vezes compartia con el tristezas, y las contestaciones eran en forma de canción, transmutando asi su dolor en arte. También compartía alegrías que comemoradas con música hacían con que un día vulgar les parecerá una fiesta. Era una amistad real y duradera! 	Alex	1	54.0	19.0	16.0	19.0	Alex-1
un grupo de amigos que les gustaban las aventuras. Se juntaban y salían para conocer los campos y no les importaban donde dormir, siempre y cuando estuvieron juntos !	Alex	9VH	54.0	19.0	16.0	19.0	Alex-9VH
un bosque que siempre aparecía en mis pesadillas.  Era oscura y no podía saber bien lo que tenía por delante, eran árboles que parecía tener cara, caminos que desaparecían 	Alex	11	54.0	19.0	16.0	19.0	Alex-11
una pareja que cuando el marido se iba a trabajar su esposa si quedaba dormida y el le costaba mucho abrir los ojos . 	Alex	13HM	54.0	19.0	16.0	19.0	Alex-13HM
Un objeto tonto e inútil que no sirve de nada,solo para molestar y quitarme tiempo. Yo,lo que quiero realmente hacer son malabares,y trabajar en un circo!	NoAlex	1	44.0	14.0	15.0	15.0	NoAlex-1
Unos hombres cansados de tanto campo,de madrugar y descansar poco,de tanto sol y poca comida.	NoAlex	9VH	44.0	14.0	15.0	15.0	NoAlex-9VH
Una cascada escondida en plena sierra,y un camino peligroso que conducía a ella. Era la única forma de atravesar el puente hacia el otro lado del río.	NoAlex	11	44.0	14.0	15.0	15.0	NoAlex-11
Un arrepentimiento,una tortura y un dolor del que no iba a poder escapar jamás.	NoAlex	13HM	44.0	14.0	15.0	15.0	NoAlex-13HM
Dejó el violín encima de la mesa y posó su mirada sobre él. Sentía una mezcla de desprecio y misterio.	Alex	1	60.0	22.0	18.0	20.0	Alex-1
Eran las 15h. Habían trabajado duramente durante toda la mañana. Esperaban el viaje de vuelta a sus casas mientras descansaban plácidamente.	Alex	9VH	60.0	22.0	18.0	20.0	Alex-9VH
Para llegar al interior de la cueva había que atravesar un estrecho puente. Allí a lo alto, se veía una hilera de gente entrando en la oquedad de la roca. Pero, ¿sabían a donde iban realmente?	Alex	11	60.0	22.0	18.0	20.0	Alex-11
Se levantó y se vistió. A su lado ella seguía durmiendo. Tenían el tiempo justo para coger el avión. Para cuándo ella se despertara él ya estaría volando. No se verían más.	Alex	13HM	60.0	22.0	18.0	20.0	Alex-13HM
"Erase una vez un niño al que regalaron un violín. Después de agradecer el preciado regalo a sus tíoss cogió el violín y se lo llevó  su habitación. Alli, sentado en su escritlrio, miraba y remiraba aquel violín mientras se preguntaba "" ¿Por qué no me habrán comprado el microscopio que había pedido?"" "	NoAlex	1	41.0	13.0	13.0	15.0	NoAlex-1
Érase una vez cuatro amigos que salieron a bailar. Y bailaron. Y rieron. Y al día siguiente la hierba acogió, cómplice, su descanso.	NoAlex	9VH	41.0	13.0	13.0	15.0	NoAlex-9VH
Érase una vez un barco velero que, cegado por el brillo del faro, se deshizo contra el espigón empujado por la furia del mar.	NoAlex	11	41.0	13.0	13.0	15.0	NoAlex-11
"Érase una vez un pobre hombre, pobre, que compungido le decía a su mu mujer, a esa que ya no quería ser su esposa ""mira lo que me has hecho hacer"" "	NoAlex	13HM	41.0	13.0	13.0	15.0	NoAlex-13HM
Érase un niño que se aburría tanto en sus clases de música que se dedicaba a dormir y soñar con jugar al aire libre.	NoAlex	1	34.0	13.0	10.0	11.0	NoAlex-1
Así era la vida de los hombres del campo antiguamente, compañeros que compartían todo, hasta el descanso	NoAlex	9VH	34.0	13.0	10.0	11.0	NoAlex-9VH
Y las niñas habían quedado atrapadas en la cascada, les había sorprendido la crecida del río paseando por el bosque, ahora tenían q esperar hasta q alguien las encontrará y rescatarse.	NoAlex	11	34.0	13.0	10.0	11.0	NoAlex-11
No podía creer lo q había hecho, la había matado con mis propias manos, a ella a la mujer que amaba.	NoAlex	13HM	34.0	13.0	10.0	11.0	NoAlex-13HM
Érase una vez un niño que al que le obligaban tocar el violín. A él le gustaba la música, pero no era muy bueno tocando instrumentos y sus padres le obligaban a ir al conservatorio y tomar clases de música, pero a él le daba vergüenza hacerlo delante de sus amigos. Y al llegar a casa, cuando tenía que estudiar las partituras, se aburría y agobiaba a la vez. 	NoAlex	1	42.0	15.0	10.0	17.0	NoAlex-1
Érase una vez unos granjeros, unos campesinos que vivían en el pueblo, cansados de trabajar, de estar todo el día con el ganado, cargando alpacas, segando prados... aprovecharon los primeros rayos de sol, después de comerse el bocadillo de jamón que traían para comer, para tumbarse en los prados, que todavía no estaban segados, y dormir una pequeña siesta. 	NoAlex	9VH	42.0	15.0	10.0	17.0	NoAlex-9VH
Érase una vez un hombre que estaba realizando kayak por el río, se adentró en unos rápidos que le hicieron perder el control de su canoa y cayó dese una gran catarata. Un dragón dormido en una cueva cerca de las cataratas, se despertó debido al gran golpe que ocasionó el hombre, pero cuando el dragón quiso salvarle, ya era demasiado tarde. 	NoAlex	11	42.0	15.0	10.0	17.0	NoAlex-11
Érase una vez un matrimonio que llevaba muchos años juntos, se vio afectado por la crisis económica y debido a ello tuvieron que mudarse a una casa mucho más humilde y pobre. El hombre tenía que trabajar hasta tarde y levantarse temprano todos los días, mientras que la mujer descansaba, como podía, en una cama muy pequeña por las noches, y durante el día se recorría las calles en busca de alguna solución mejor. 	NoAlex	13HM	42.0	15.0	10.0	17.0	NoAlex-13HM
Un niño aburrido pensando como iba a aprender a tocar el violín si el quería tocar el piano. Se estaba quedando dormido mientras miraba la partitura, la noche anterior había bajado con su padre a la feria y se había acostado tarde. En cuanto llegara a casa, le diría que no quería seguir con las clases de violín.	NoAlex	1	46.0	18.0	12.0	16.0	NoAlex-1
Un grupo de hombres que descansan después de su última fechoría, ser un gánster no es tan glamuroso como uno pueda pensar. Hacia poco que habían perdido a Rechi en una trifulca con la policía, fue un duro golpe, y Banner había empezado a cuestionarse su estilo de vida. Si quería que el grupo siguiera unido tendría que llevarles a divertirse un rato y descansar antes del siguiente golpe.	NoAlex	9VH	46.0	18.0	12.0	16.0	NoAlex-9VH
La nave había aterrizado con éxito y el dragón quiso acercarse a echar un vistazo, le encantaban las luces. El ruido había sido molesto y le había despertado pero algo así de interesante merecía su atención. De la nave salieron 3 personas, que al verle se asustaron y se refugiaron de nuevo en ella, el se quedó allí con curiosidad, hasta que uno de ellos se atrevió a salir y habló en su lengua. Le pareció divertido, y como tenía más curiosidad que hambre, dejó que la pequeña criatura hablase.	NoAlex	11	46.0	18.0	12.0	16.0	NoAlex-11
El doctor solo pudo certificar su muerte, estaba agotado después de todo el día haciendo visitas y aquello le había dejado tremendamente exhausto. Tan solo tenía que regresar a casa, tomarse un whisky y mañana amanecerá de nuevo.	NoAlex	13HM	46.0	18.0	12.0	16.0	NoAlex-13HM
Un niño abre su regalo de navidad y se enfada porque no eran bailes de Fortnite. En vez de eso, le han regalado un violín Stradivarius.	NoAlex	1	42.0	19.0	11.0	12.0	NoAlex-1
Un artista convoca a una multitud de personas con sombrero en una explanada para tomar una fotografía aérea. La fotografía se intenta asemejar al típico ejercicio infantil de unir los puntos para dibujar una forma. En este caso, las personas con sombrero son los puntos y, uniendo la linea imaginaria entre puntos, dibujarían la forma de un sombrero.	NoAlex	9VH	42.0	19.0	11.0	12.0	NoAlex-9VH
Debido a un incendio, una familia de pájaros comienzan un viaje para buscar un nuevo asentamiento.	NoAlex	11	42.0	19.0	11.0	12.0	NoAlex-11
Un hombre llora desconsolado porque inevitablemente se tiene que marchar de viaje a un lugar lejano y posiblemente no vuelva a ver a su amada. Decide irse sin despertarla, para evitar una dolorosa despedida.	NoAlex	13HM	42.0	19.0	11.0	12.0	NoAlex-13HM
Es un niño que está aburrido, está cansado de tocar el violín 	NoAlex	1	37.0	14.0	10.0	13.0	NoAlex-1
Esta imagen refleja a varios hombres en el descanso de su trabajo, echándose la siesta en el campo, tapándose de los rayos del sol	NoAlex	9VH	37.0	14.0	10.0	13.0	NoAlex-9VH
en esta imagen veo una cascada con rocas alrededor 	NoAlex	11	37.0	14.0	10.0	13.0	NoAlex-11
La imagen representa a una mujer enferma, y su marido cansado por estar día y noche cuidando de ella	NoAlex	13HM	37.0	14.0	10.0	13.0	NoAlex-13HM
un niño que tenía que ir q clases de violín todos los días después del cole porque sus padres querían que fuera un buen violinista pero  a el no le gustaba nada y esta desmotivado 	NoAlex	1	49.0	19.0	13.0	17.0	NoAlex-1
un grupo de amigos que se fueron a comer y a pasar el día al campo y ahora se están echando una siesta después de tomar una copas 	NoAlex	9VH	49.0	19.0	13.0	17.0	NoAlex-9VH
un puente en ruinas entre una montaña y una cascada y un grupo de personas caminando entre las montañas	NoAlex	11	49.0	19.0	13.0	17.0	NoAlex-11
un hombre que acaba de matar a su mujer porque estaba sufriendo mucho porque estaba muy enferma 	NoAlex	13HM	49.0	19.0	13.0	17.0	NoAlex-13HM
un Niño cansado de estudiar y presionado por sus padres. Está triste porque se siente incomprendido. Siente que da lo mejor de él y que nadie se lo valora	NoAlex	1	40.0	12.0	10.0	18.0	NoAlex-1
Grupo de amigos después de una noche de diversión. Están cansados y uno de ellos está triste porque lo ha dejado con su pareja 	NoAlex	9VH	40.0	12.0	10.0	18.0	NoAlex-9VH
Hombre desolado porque se ha encontrado a su mujer fallecida	NoAlex	13HM	40.0	12.0	10.0	18.0	NoAlex-13HM
Un niño al que sus padres le han obligado a tocar el violin. A él no le gusta	NoAlex	1	40.0	17.0	10.0	13.0	NoAlex-1
Unos militares descansando tras un día duro	NoAlex	9VH	40.0	17.0	10.0	13.0	NoAlex-9VH
Una cansada rodeada de árboles 	NoAlex	11	40.0	17.0	10.0	13.0	NoAlex-11
Un hombre que al levantarse se arrepiente de haber dormido con la mujer que se encuentra tumbada en la cama	NoAlex	13HM	40.0	17.0	10.0	13.0	NoAlex-13HM
Carlito tiene 10 años, y toca el violín muy a menudo. Resulta que su profesor de siempre ha tenido que irse fuera del país porque le ha surgido una muy buena oportunidad. El profesor que ahora le da las clases es muy borde y no le gusta para nada. No sabe qué hacer, si dejar de tocar el violín, o aguantarle	NoAlex	1	45.0	18.0	9.0	18.0	NoAlex-1
Tras varias semanas trabajando sin parar en la granja de su tio abuelo, porfín acabaron de reformar el granero. Los primeros Dalton, para celebrarlo se fueron al bar del pueblo a celebrarlo. A la mañana siguiente, les encontraron dormidos en la finca del vecino, con una resaca del copón.	NoAlex	9VH	45.0	18.0	9.0	18.0	NoAlex-9VH
Dos pájaros amigos deciden ir de excursión un día de niebla, resulta que a uno de ellos se le había enganchado un troco de basura a una ala, y estaban buscando a un pájaro curandero para sacárselo. Tenían que subir inumerables cuestas y pasar muchos puentes como el que se ve en la imagen. Era una aventura de no olvidar. 	NoAlex	11	45.0	18.0	9.0	18.0	NoAlex-11
Se levantó Jaime por la mañana sin poder creer lo que acaba de pasar, su mujer, su esposa desde hace 15 años había fallecido de la noche a la mañana. Madre mia, querría por todos los medios que eso fuera un sueño, pero no era así. Cómo se lo pensaba decir a las niñas, y sus padres... Qué horrible. 	NoAlex	13HM	45.0	18.0	9.0	18.0	NoAlex-13HM
Un niño que quería aprender a tocar el Violín y estaba triste por no poder escuchar su sonido debido a su problema de audición, de ahí su tristeza	NoAlex	1	46.0	15.0	14.0	17.0	NoAlex-1
Una cuadrilla de trabajadores agrícolas que descansan la siesta a la sombra de un árbol después de una dura mañana de trabajo a pleno sol. 	NoAlex	9VH	46.0	15.0	14.0	17.0	NoAlex-9VH
Un bonito lugar escondido en el bosque pero de difícil acceso por sus piedras mojadas y resbaladizas por su impresionante cascada 	NoAlex	11	46.0	15.0	14.0	17.0	NoAlex-11
Un hombre que al volver de su trabajo encuentra a su mujer  muerta en la cama, se había suicidado con unas pastillas y él muestra su sufrimiento por no haberla podido ayudar antes 	NoAlex	13HM	46.0	15.0	14.0	17.0	NoAlex-13HM
que encontró un violín que perteneció a su abuelo, despertando desde ese momento su inquietud por la música y su interés por aprender a tocarlo. 	Alex	1	70.0	28.0	20.0	22.0	Alex-1
descansando en la pradera después de una dura jornada de trabajo 	Alex	9VH	70.0	28.0	20.0	22.0	Alex-9VH
una excursión por la montaña entre barrancos y ríos turbulentos 	Alex	11	70.0	28.0	20.0	22.0	Alex-11
despertando después de hacer el amor con una bella mujer.	Alex	13HM	70.0	28.0	20.0	22.0	Alex-13HM
Es un chico que intenta estudiar y se está quedando dormido.	Alex	1	54.0	21.0	10.0	23.0	Alex-1
Son hombres en el servicio militar, descansando en un prado.	Alex	9VH	54.0	21.0	10.0	23.0	Alex-9VH
Un acantilado rocoso y solitario	Alex	11	54.0	21.0	10.0	23.0	Alex-11
El hombre se levanta a trabajar, mientras su amante se queda durmiendo en la cama	Alex	13HM	54.0	21.0	10.0	23.0	Alex-13HM
Un niño al que sus padres obligaban a tocar el violín y él estaba harto porque quería jugar al fútbol. En la foto está imaginándose su plan de fuga de casa 	NoAlex	1	33.0	11.0	8.0	14.0	NoAlex-1
Unos señores dueños de una finca en la que tenían esclavos negros. En la foto están durmiendo tranquilamente y los negros están apunto de matarlos mientras duermen y huir.	NoAlex	9VH	33.0	11.0	8.0	14.0	NoAlex-9VH
Una estampida de búfalos que están apunto de caerse por un barranco	NoAlex	11	33.0	11.0	8.0	14.0	NoAlex-11
Un marido triste que acaba de perder a su mujer enferma de cáncer.	NoAlex	13HM	33.0	11.0	8.0	14.0	NoAlex-13HM
Erase  una vez un niño que estaba triste porque no podía tocar el violín, por más que lo intentaba las notas no salían. 	NoAlex	1	38.0	14.0	11.0	13.0	NoAlex-1
Érase una vez un puñado de jornaleros descansando tras la siega. 	NoAlex	9VH	38.0	14.0	11.0	13.0	NoAlex-9VH
Érase una vez una cascada mágica que atraía a las aves.	NoAlex	11	38.0	14.0	11.0	13.0	NoAlex-11
Érase una vez un hombre enajenado por los celos que terminan con la vida de su pareja. 	NoAlex	13HM	38.0	14.0	11.0	13.0	NoAlex-13HM
Un niño frustrado ante un violín 	Alex	1	59.0	24.0	19.0	16.0	Alex-1
4 hombres descansando tras un ardúo esfuerzo 	Alex	9VH	59.0	24.0	19.0	16.0	Alex-9VH
Érase algo	Alex	11	59.0	24.0	19.0	16.0	Alex-11
La desesperación, por no pensar en una historia más fea	Alex	13HM	59.0	24.0	19.0	16.0	Alex-13HM
Erase una vez un niño que estaba cansado y aburrido de estar horas y horas tocando el violin, estaba deseoso de poder salir a jugar con sus amigos.	NoAlex	1	49.0	22.0	11.0	16.0	NoAlex-1
Erase una vez un conjunto de campesinos que decidieron tomarse un descanso despues de su larga jornada, en un prado tranquilo y con un sol calido.	NoAlex	9VH	49.0	22.0	11.0	16.0	NoAlex-9VH
Erase una vez una cascada encantada que llevaba agua sanadora a los pueblos mas cercanos. El agua era fria pero cristalina y curaba a todo ciudadano que la bebia. 	NoAlex	11	49.0	22.0	11.0	16.0	NoAlex-11
Erase una vez que un hombre lloraba la perdida de su mujer, la cual habia fallecido por una enfermedad. Se encontraba triste y solo ya que era la mujer de su vida.	NoAlex	13HM	49.0	22.0	11.0	16.0	NoAlex-13HM
Érase una vez un niño ciego llamado Lilo. Lilo, a pesar de no poder ver, era extremadamente inteligente y tenía una actitud muy positiva hacia la vida. Además, Lilo era un apasionado de la música, pero no siempre le gustaba lo que escuchaba, por lo que decidió aprender a tocar el violín y poder escuchar aquellos acordes que realmente le gustaban y le hacían sentir vien. Lilo era un apasinoado de canciones alegres, emocionantes, canciones que mientras las tocaba y escuchaba le hacían tremendamente feliz.	Alex	1	55.0	19.0	17.0	19.0	Alex-1
Érase una vez un grupo de amigos cuya principal diversión era atracar bancos. Esa diversión les llevó, en muy poco tiempo a ser fugitivos de la justicia y sobretodo, fujitivos de su vida, sin poder hacer lo que querían en el momento que querían. Ninguno de ellos se alegraba de su pasado y si pudieran dar marcha atrás, ninguno de ellos volvería a dar los pasos dados. Sin embargo, cada día soñaban con haber tomado nuevos pasos en su vida que les hcieran seguir en libertad.	Alex	9VH	55.0	19.0	17.0	19.0	Alex-9VH
Érase una vez una hormiga aventurera llamada Lila. Lila no era una hormiga normal, Lila podía brillar en la oscuridad. Sin embargo, su vida se limitaba a tener que esconderse de noche porque sino, no dejaba dormir al resto de hormigas. Un día, encontró un conjunto de luciérnagas y supo que su lugar estaba con ellas. Nunca más se escondió y ahora, cada noche, ilumina su vida y la de los demás.	Alex	11	55.0	19.0	17.0	19.0	Alex-11
"Érase una vez un hombre que cada día debía levantarse excesivamente pronto para ir a trabajar. Se juraba cada día que haría algo para no tener que levantarse tan pronto y poder despertarse junto a su mujer, desayunar con ella, contarse cómo iban a pasar el día. En definitiva, ser una persona ""normal"". Esa mañana, de nuevo, se dijo que debía luchar por conseguir esa normalidad y que si no la conseguía, tendría un nuevo día para intentarlo."	Alex	13HM	55.0	19.0	17.0	19.0	Alex-13HM
carlitos, él tiene varios dias intentanto aprender como tocar el violin. Pero aun tiene que leer toda la teoria cuando quiero solo tocar. 	Alex	1	63.0	18.0	21.0	24.0	Alex-1
un grupo de trabajadores descansando despues de un largo dia de trabajo en la fabrica. 	Alex	9VH	63.0	18.0	21.0	24.0	Alex-9VH
una cascada donde los parajos y animales suelen moverse libremente. 	Alex	11	63.0	18.0	21.0	24.0	Alex-11
un hombre cansado saliendo a trabajar despues fe una noche de pasion con su esposa 	Alex	13HM	63.0	18.0	21.0	24.0	Alex-13HM
Perezón de violín 	NoAlex	1	45.0	14.0	12.0	19.0	NoAlex-1
Acurrucaítos con el sombrero que no entre ni gota de luz 	NoAlex	9VH	45.0	14.0	12.0	19.0	NoAlex-9VH
Las cuevas de Altamira 2.0	NoAlex	11	45.0	14.0	12.0	19.0	NoAlex-11
Érase una vez un soldado de Napoleón y Josefina 	NoAlex	13HM	45.0	14.0	12.0	19.0	NoAlex-13HM
 Familia burguesa, mediados de siglo. El primogénito es castigado en su cuarto. Su madre le ha advertido que si quiere cenar esa noche tiene que rehacer los ejercicios de clase. El profesor ha comunicado a los padres las malas calificaciones que ha ido acumulando en el último trimestre. Todo a él todo eso le aburre. Encerrado en su cuarto comienza a imaginar cómo sería tener su propio violín, su verdadera pasión desde que lo escuchó sonar en un concierto al que le llevaron junto a sus compañeros de colegio. Cómo sería ser compositor. Y comienza a crear música mentalmente mientras visualiza en su ensoñación corcheas por el aire, partituras que vuelan y un un violín vibrante que le arrebata y le conecta con otro mundo muy distinto al que encierran las cuatro paredes de su habitación.	NoAlex	1	36.0	14.0	10.0	12.0	NoAlex-1
Jornaleros descansando. Hombres rudos, curtidos en el trabajo rural, sudorosos y con manos agrietadas en tareas sacrificadas. Durante un momento del día se acurrucan entre sí transmitiendo la ternura y la sensación de que, por unos segundos, vuelven a la infancia.	NoAlex	9VH	36.0	14.0	10.0	12.0	NoAlex-9VH
Los restos rocosos tras la carga de la dinamita lo invaden todo. Pero han dejado liberada la última parte de montaña que impedía llegar a la mina. Sus vetas de oro relucen y, en ese momento, todo el sacrificio hasta llegar allí parece diluirse y amortizarse. Se arrodilla, agotado, invadido por una sensación de plenitud completa. Y piensa en todos aquellos que le acompañaron pero que fueron quedándose por el camino.	NoAlex	11	36.0	14.0	10.0	12.0	NoAlex-11
Acaba de acuchillar a su amante y llora por su imperdonable acto infame. La muchacha buscaba un compañero, un esposo. Él solo un divertimento, una forma de aliviarse y algo de energía para lidiar con el tedio de un matrimonio agotado. Le decía que la quería y le gustaba verla ilusionada, aunque no fuera sincero. Creyó que podría seguir sin complicaciones mientras ella aguantase. Hasta que le confesó que esperaba un hijo y que él era el padre de la criatura	NoAlex	13HM	36.0	14.0	10.0	12.0	NoAlex-13HM
Pablo no sabía cómo podría conseguir aprender a acariciar aquel instrumento que con tanto cariño le había reglado su abuelo. Se ponía una gran presión sobre sus hombros, más de la que su propio abuelo pretendía con aquel presente. ¿Cómo si quiera podría iniciarse en algo en lo que su abuelo era virtuoso? El mejor de los regalos, pertenecer a aquella saga familiar, tener el orgullo de que a su nombre le acompañara aquel apellido, se había convertido en la peor de las condenas. 	NoAlex	1	33.0	8.0	6.0	19.0	NoAlex-1
Tras una larga y dura jornada se dispusieron a descansar lejos de los patronos y de sus órdenes incesantes. Sabían que siendo temporeros aquella labor era algo que tenía un fin marcado y eso les daba cierta paz. Sabían también que el jornal que se ganaban a pulso era lo que les permitiría mantener a sus mujeres e hijos durante la temporada próxima. Y es que ya eran años repitiendo la misma rutina, pero aún así, cada amanecer se presentaba como una pesadilla a la que enfrentarse. Y, sin embargo, saber que en unos meses estarían de vuelta en casa sabiendo que podrían tener una vida tranquila y próspera durante un tiempo, por breve que fuera, lo compensaba todo. 	NoAlex	9VH	33.0	8.0	6.0	19.0	NoAlex-9VH
Cuentan que, en las cumbres más inaccesibles de la montaña del lugar, la única que hay en realidad, habita un dragón huraño que había perdido toda ilusión y capacidad de confiar en el hombre. Tal era su desencanto y hartazgo que, en el único sendero que había para poder llegar a su hogar, se había dedicado a elaborar y diseñar todo tipo de pruebas que nunca un humano podría superar, ya que para ello debería disponer de nobleza y dignidad, y por aquel entonces el hombre andaba cojo tanto de lo uno como de lo otro. Siglos pasaron cuando una mañana para su sorpresa despertó le del sueño una voz. Tardó en identificar aquel sonido que escuchaba, ya que tanto tiempo había pasado que ya no recordaba cómo sonaban las voces de los humanos. Para cuando fue capaz de ser consciente de lo que llegaba a sus oídos, en lugar de sorpresa o rechazo su corazón se llenó de interés y emoción, ya que quien fuera que había llegado hasta allí era un rayo de esperanza, una posibilidad en medio de miles de fracasos, un futuro dentro de un odioso pasado. Y salió de su guarida, y sonrió. 	NoAlex	11	33.0	8.0	6.0	19.0	NoAlex-11
Dentro de aquella habitación los sentimientos se pintaban en tonos grises. Tener que marchar sin remedio era algo que partía la vida y el alma de los dos. Él prefirió irse sin despedirse, sin hacer ruido. Las despedidas duelen menos si no hay palabras. Prefería que en sus recuerdos ella no estuviera llorando, prefería no tener que recordar su voz rota. Los recuerdos eran de las pocas cosas que podía llevar consigo, e iban a ser para siempre. Consiguió a duras penas recomponerse sin despertarla, se despidió con un delicado beso para no perturbar su sueño y salió de la habitación tras oler su piel por última vez. 	NoAlex	13HM	33.0	8.0	6.0	19.0	NoAlex-13HM
El violín soñaba con cada roce y el niño soñaba con cada nota.	NoAlex	1	47.0	8.0	18.0	21.0	NoAlex-1
La felicidad del sudor y del cansancio no parecía compararse a nada.	NoAlex	9VH	47.0	8.0	18.0	21.0	NoAlex-9VH
Se levantó y vio que nada podía ser más bello y nadie podría contemplarlo igual	NoAlex	11	47.0	8.0	18.0	21.0	NoAlex-11
Atados y demacrados por una rutina absurda y obligatoria	NoAlex	13HM	47.0	8.0	18.0	21.0	NoAlex-13HM
El niño se siente frustrado por no saber tocar el violín a pesar que tiene muchos deseos de aprender.	NoAlex	1	48.0	10.0	16.0	22.0	NoAlex-1
Distintos forajidos del medio oeste se encuentran descansando de un largo día.	NoAlex	9VH	48.0	10.0	16.0	22.0	NoAlex-9VH
En una época medieval,  un comerciante lleva su mercancía a través de las montañas.	NoAlex	11	48.0	10.0	16.0	22.0	NoAlex-11
Un hombre acaba de asesinar a una mujer... Algo que se nota le ha llevado trabajo.	NoAlex	13HM	48.0	10.0	16.0	22.0	NoAlex-13HM
tanto me han apretado con lo de las clases extraescolares, que he desarrollado el superpoder de tocar el violín con la mente, mientras los demás compañeros se dejan el cuello sujetando el violín, yo lo toco mandándole órdenes cerebrales al instrumento, el primer día que lo conseguí el profesor me dió una colleja pensando que dormía, cuando empezó a sonar se asustó tanto que ya ni se me acerca, ahora aprovecho las clases de violín para tocar con la mente y para dormir a intervalos con la certeza de que la mente del profesor no va a decirle a su mano que me ajusticie. Cada uno a lo suyo. Fin	NoAlex	1	46.0	22.0	10.0	14.0	NoAlex-1
érase una vez un cumpleaños que duró lo que una boda gitana, cuatro días de parranda que acabó con una siesta comunal de todos los asistentes. Veintisiete personas adultas desparramadas por la plaza mayor a merced del sol. Mientras el cumpleañero, aún seguía bailando. Fin 	NoAlex	9VH	46.0	22.0	10.0	14.0	NoAlex-9VH
una miope que salió sin gafas a la calle, las fotos que hizo eran tan ciegas como su miopía, cuando enseñó las fotos de la excursión en casa le dijeron: hija mía dónde has estado?No se decirles padres, porque lo pasé bien pero ver no ví nada. Fin	NoAlex	11	46.0	22.0	10.0	14.0	NoAlex-11
mientras dormía soñé que me despertaba siendo hombre, vestía traje y corbata, tenía un trabajo de oficina y me disponía a ir a trabajar, me lavantaba a las 04:00 am y entraba a las 06:00, aún me quedaban dos horas de tren, decidía coger un libro de la mesilla para leer, dos tomos de enciclopedia y el manual de radioaficionado, al menos, me dije tendría lectura para la ida. Fin	NoAlex	13HM	46.0	22.0	10.0	14.0	NoAlex-13HM
un chico que se encontraba pensativo debatiéndose entre tocar el violín o no. Sabía que para mejorar debía dedicarle tiempo, pero en ese momento no le apetecía nada.	NoAlex	1	41.0	20.0	12.0	9.0	NoAlex-1
unos trabajadores del campo que descansaron un ratito echándose los unos sobre los otros en la tierra en un tiempo muerto.	NoAlex	9VH	41.0	20.0	12.0	9.0	NoAlex-9VH
unos pájaros salvajes que se refrescaban bajo una cascada.	NoAlex	11	41.0	20.0	12.0	9.0	NoAlex-11
un hombre que la mató porque era suya.	NoAlex	13HM	41.0	20.0	12.0	9.0	NoAlex-13HM
Pues no teníamos clase de música y voy y me duermo... cualquiera diría que estaba todo en silencio. Bueno, en mi cabeza sí estaba todo en silencio. Soñé sin ruidos.	NoAlex	1	39.0	17.0	9.0	13.0	NoAlex-1
Un día echámos la siesta entre mimos y risas. Con mucha más cercanía entre nosotros de lo  que era habitual. Y con bromas menos tontas. Nos gustó. Desde entonces, la siesta es cercana.	NoAlex	9VH	39.0	17.0	9.0	13.0	NoAlex-9VH
Estoy escondida. Tan bien escondida, que no me encuentro ni yo.	NoAlex	11	39.0	17.0	9.0	13.0	NoAlex-11
Me ciega el sol, a ti no te molesta para dormir... ¿cómo puedes dormir asi? ... ¿Estás bien? ... ¡¡¡Ana, responde!!! 	NoAlex	13HM	39.0	17.0	9.0	13.0	NoAlex-13HM
A este niño se le ha roto su violin el cual ha ahorrado varios años para comprarselo ahora esta pensando en que hacer con el si terminar de romperlo o repararlo	Alex	1	64.0	23.0	13.0	28.0	Alex-1
Obreros adescando tras un lardo día de arar la tierra 	Alex	9VH	64.0	23.0	13.0	28.0	Alex-9VH
Un dia una persona estaba caminando por un bosque cercano a su hogar y ha llegado a un lugar maravilloso donde estuvo paz y nunca más regreso a casa. Resulta que estaba muerto y descansa en paz  	Alex	11	64.0	23.0	13.0	28.0	Alex-11
Hombre sufre tras ver a su mujer enferma en cama sin ganas de levantarse, no sabe qué hacer para animara. 	Alex	13HM	64.0	23.0	13.0	28.0	Alex-13HM
Érase una vez un chico que queria aprender a tocar el piano, pero tenia un violín. El violín que le regalo su abuelo por su décimo cumpleaños, y este fue el último regalo que le hizo su abuelo antes de fallecer; y el dís de su onceabo cumpleaños se preguntaba, cómo iba a aprender a hacer algo que no quería por el simple echo de satisfacer su sentimiento de culpa de no querer tocar el violín que le regalo su abuelo. Pero su pasión por el piano era tal que ya no sabía que culpa le pesaba más, si su ansiado aprendizaje por el piano que nunca llegaba por ese violín o la pena que sentia al ver el violín y saber que nunca lo iba a tocar. 	NoAlex	1	50.0	21.0	12.0	17.0	NoAlex-1
una tarde de septiembre en un pueblo de la Mancha, donde solo había uvas y personas; donde las uvas vivian gracias a las personas y las personas vivian gracias a las uvas.	NoAlex	9VH	50.0	21.0	12.0	17.0	NoAlex-9VH
una ciudad perdida en mitad de la nada, donde indagando en esa nada, se encontraba el todo, el todo de Valeria.	NoAlex	11	50.0	21.0	12.0	17.0	NoAlex-11
Érase una vez... un cuarto, un cuarto visitado por muchos ojos, ojos oscuros, ojos perdidos, ojos apagados, etc. Pero todos reflejados en el mismo espejo, los ojos de Raquel.	NoAlex	13HM	50.0	21.0	12.0	17.0	NoAlex-13HM
Érase una vez un niño castaño de unos 7 años que desde pequeño sus padres le obligaban a asistir a clases de música como actividad extra escolar ya que su familia tenía raíces artísticas relacionadas con el mundo de la música. Sin embargo, a él no le gustaba nada. Se deprimía, se sentía triste y desganado cada vez que asistía a sus clases particulares de violín. Las horas se le hacían eternas y aburridas. Lo único que quería era poder sacar el suficiente valor para decírselo a sus padres. Pobrecito...	NoAlex	1	48.0	20.0	14.0	14.0	NoAlex-1
en la época de los 80, un grupo de ladrones que después de estar huyendo de la policía durante un buen rato de tiempo, logran escapar de la ciudad y caen rendidos en una explanada a las fueras de la ciudad.  	NoAlex	9VH	48.0	20.0	14.0	14.0	NoAlex-9VH
un lugar psicodelico al que nadie podía acceder. Un lugar de fantasía, magia... donde cualquiera de tus pensamientos pueden hacerse realidad. Pero cuidado, hasta tus pensamientos más profundos.	NoAlex	11	48.0	20.0	14.0	14.0	NoAlex-11
una pareja enamorada que tras hacer el amor tienen que despedirse. Inician una nueva etapa, una relación a distancia. El hombre se tapa la cara y llora desconsolado mientras la mujer, llena de impotencia, prefiere no mirarle a la cara sólo le acaricia la pierna... manteniendo un último contacto. 	NoAlex	13HM	48.0	20.0	14.0	14.0	NoAlex-13HM
Jorge es un chico de 10 años que no le gusta estudiar y su madre lo obligo a ir a clases de violín por las tardes porque se la pasaba dormido. Así que jorge al principio le daba pereza aprender un instrumento nuevo pero al final le agarro gusto y ahora todos los días toca.	NoAlex	1	38.0	11.0	15.0	12.0	NoAlex-1
Eran 4 amigos que trabajaban en el campo y después de comer les gustaba descansar en al aire libre.	NoAlex	9VH	38.0	11.0	15.0	12.0	NoAlex-9VH
se escuchaba que en el pueblo existía un tesoro enterrado en una mina escondida. Pablo que es un chico curioso y valiente se fue a la aventura de encontrar el tesoro perdido. Preguntando a los habitantes del pueblo empezó a recopilar información. Después de 3 días y 2 noches Pablo ya estaba cansado y se quedo dormido de bajo de un árbol. Cuando despertó se dio cuenta que algo a lo lejos brillaba, se acerco y encontró una mina viaje y abandonada. Pablo se armo de valor y entro, siguió el camino que lo llevaba a una zona muy tétrica pero no le importo y siguió ese brillo desconocido. Hasta que encontró el tesoro desconocido. Pablo muy feliz lo agarro y se lo llevo a su casa para mostrarla a su familia y con ello salir de la miseria. 	NoAlex	11	38.0	11.0	15.0	12.0	NoAlex-11
Marco es un doctor conocido de la ciudad.  Ana es una chica que cogió un virus raro cuando se fue de vacaciones en África. El esposo de Ana le hablo a Marco para que curara a su esposa porque no sabia que virus tenia y estaba muy mal. Tenia la piel blanca, no podía hablar ni comer. Inmediatamente Marco el doctor fue a ver a Ana, y se dio cuenta que estaba muy mal y que esa misma noche iba a morir. Marco le dio la mala noticia a al esposo para que se despidiera y pase sus últimos momentos juntos. 	NoAlex	13HM	38.0	11.0	15.0	12.0	NoAlex-13HM
es un niño pensando en cual es la respuesta de sus deberes porque no la sabe	NoAlex	1	40.0	16.0	9.0	15.0	NoAlex-1
soldados descansando 	NoAlex	9VH	40.0	16.0	9.0	15.0	NoAlex-9VH
hombre llorando porque su mujer ha muerto	NoAlex	13HM	40.0	16.0	9.0	15.0	NoAlex-13HM
Érase una vez un niño que debía acudir a clases de violín todas las tardes de la semana. No sabía si le gustaba realmente o no, pero sus padres le forzaban a hacerlo. Sus pensamientos divagaban en los juegos infantiles mientras la partitura y el violín que tenía enfrente se le hacían eternos. 	NoAlex	1	46.0	14.0	14.0	18.0	NoAlex-1
Varios hombres habían decidido descansar en medio del campo, sobre la hierba alta que acolchaba el suelo, exhaustos tras un duro día de jornada laboral. Nos situamos en los años 20, donde vistiendo de forma elegante, la jornada había representado intentar asaltar varios domicilios para conseguir comida para comer.	NoAlex	9VH	46.0	14.0	14.0	18.0	NoAlex-9VH
El fin del camino empedrado estaba cerca, si te caías morirías, entre otras cosas arrastrado por el agua y tras el impacto contra el muro. Nos encontrábamos en un lugar remoto, árido y poco apacible. No sentíamos confianza alguna y sólo queríamos huir.	NoAlex	11	46.0	14.0	14.0	18.0	NoAlex-11
Acababa de fallecer su mujer. Estaba desconsolado y no podía entender cómo había ocurrido de forma tan repentina. Ella yacía en la cama sin apenas vestimenta. Al menos había muerto feliz, pero el tiempo se había desvanecido demasiado pronto.	NoAlex	13HM	46.0	14.0	14.0	18.0	NoAlex-13HM
Érase una vez un niño al que no le gustaba la música pero sus padres le obligaban a recibir clases de violín y el se sentia muy frustrado.	Alex	1	69.0	22.0	20.0	27.0	Alex-1
Érase una vez un campesino que durante las horas de sol, dormia y descansaba, sus compañeros le llamaban holgazan, o que ellos no sabían era que en las horas frescasde la mañan y durante el atardecer, con las energías renovadas, realizaba el doble de trabajo que sus compañeros a plena luz del sol. Aunque escuchaba habladurias, el no le afectaba, pq era consciente de su buen hacer. 	Alex	9VH	69.0	22.0	20.0	27.0	Alex-9VH
"Érase una ve un lugar maravilloso, donde la mano del hombre nunca había llegado, la naturaleza se habia encargado de poner todo en su sitio, así todos  todos los elementos interactúaban y cooperaban entre sí para mantener y mejorar su habitat. Hasta que vino un hombre y decidió que queria vivir allí, lo primero que hizo fue ""matar unos cuantos arboles para construir su cabaña, eso hizo que el r´io se secara y murieran aves y peces, que quizas le hubiesen servido de alimento,y no solo a él sinoa otras especies, que al no encontrar ni hierb ni comida, fueron alejandose y desapareciendo, depues de que el hombre, sin ser consciente de el daño que habia hecho, un dia miro a su alrededor y vio que de aquel paraje no quedaba nada,, le atribuyo a la mala suerte y le hecho la culpa a Dios, a los animales, al rio, pero nunca vio hacia si mismo."	Alex	11	69.0	22.0	20.0	27.0	Alex-11
Érase una vez un hombre que no amaba a su mujer, fingía que lo hacía y trataba de engañarse a si mismo, pero en cuanto tenía oportunidad escapaba de ella para buscar otros placeres, en el fondo se sentía mal por ella pero no tenía la valentía de decircelo por temor a hacerle daño, sin percatarse que ya lo estaba haciendo. 	Alex	13HM	69.0	22.0	20.0	27.0	Alex-13HM
El niño estaba sangrando por la boca porque se había mordido los labios, de la rabia que le daba tener que tocar el violín.	Alex	1	55.0	15.0	20.0	15.0	Alex-1
Se habían pasado todo el día corriendo y jugando entre ellos. Ahora se han parado para dormir, porque están agotados de las sensaciones que han tenido antes.	Alex	9VH	55.0	15.0	20.0	15.0	Alex-9VH
Hay unos toros que están enfadados y se preparan para atacar. Van a bajar todos corriendo por la cuesta y si pillan a alguien lo más seguro que es que lo maten.	Alex	11	55.0	15.0	20.0	15.0	Alex-11
Un señor que se arrepiente de haber matado a su mujer. Está pensando en que se tiene que entregar ahora a la policía y explicar lo que ha pasado.	Alex	13HM	55.0	15.0	20.0	15.0	Alex-13HM
